<?xml version="1.0" encoding="UTF-8"?>
<!-- This file was auto-generated from WSDL -->
<!-- by the Apache Axis2 version: 1.7.9  Built on : Nov 16, 2018 (12:05:37 GMT) -->
<serviceGroup>
    <service name="GMPWebServices">
        <messageReceivers>
            <messageReceiver mep="http://www.w3.org/ns/wsdl/in-out" class="org.tempuri.GMPWebServicesMessageReceiverInOut"/>
        </messageReceivers>
        <parameter name="ServiceClass">org.tempuri.GMPWebServicesSkeleton</parameter>
        <parameter name="useOriginalwsdl">true</parameter>
        <parameter name="modifyUserWSDLPortAddress">true</parameter>
        <operation name="ConsultaParceiroAgencia" mep="http://www.w3.org/ns/wsdl/in-out" namespace="http://tempuri.org/">
            <actionMapping>http://tempuri.org/IGMPWebServices/ConsultaParceiroAgencia</actionMapping>
            <outputActionMapping>http://tempuri.org/IGMPWebServices/ConsultaParceiroAgenciaResponse</outputActionMapping>
        </operation>
        <operation name="ConsultarDadosParceiro" mep="http://www.w3.org/ns/wsdl/in-out" namespace="http://tempuri.org/">
            <actionMapping>http://tempuri.org/IGMPWebServices/ConsultarDadosParceiro</actionMapping>
            <outputActionMapping>http://tempuri.org/IGMPWebServices/ConsultarDadosParceiroResponse</outputActionMapping>
        </operation>
        <operation name="ConsultarDadosInstalacao" mep="http://www.w3.org/ns/wsdl/in-out" namespace="http://tempuri.org/">
            <actionMapping>http://tempuri.org/IGMPWebServices/ConsultarDadosInstalacao</actionMapping>
            <outputActionMapping>http://tempuri.org/IGMPWebServices/ConsultarDadosInstalacaoResponse</outputActionMapping>
        </operation>
        <operation name="CadastrarDoacao" mep="http://www.w3.org/ns/wsdl/in-out" namespace="http://tempuri.org/">
            <actionMapping>http://tempuri.org/IGMPWebServices/CadastrarDoacao</actionMapping>
            <outputActionMapping>http://tempuri.org/IGMPWebServices/CadastrarDoacaoResponse</outputActionMapping>
        </operation>
        <operation name="GerarProtocoloSimulacaoFintech" mep="http://www.w3.org/ns/wsdl/in-out" namespace="http://tempuri.org/">
            <actionMapping>http://tempuri.org/IGMPWebServices/GerarProtocoloSimulacaoFintech</actionMapping>
            <outputActionMapping>http://tempuri.org/IGMPWebServices/GerarProtocoloSimulacaoFintechResponse</outputActionMapping>
        </operation>
        <operation name="ConsultarProdutoParceiro" mep="http://www.w3.org/ns/wsdl/in-out" namespace="http://tempuri.org/">
            <actionMapping>http://tempuri.org/IGMPWebServices/ConsultarProdutoParceiro</actionMapping>
            <outputActionMapping>http://tempuri.org/IGMPWebServices/ConsultarProdutoParceiroResponse</outputActionMapping>
        </operation>
        <operation name="ExcluirDoacao" mep="http://www.w3.org/ns/wsdl/in-out" namespace="http://tempuri.org/">
            <actionMapping>http://tempuri.org/IGMPWebServices/ExcluirDoacao</actionMapping>
            <outputActionMapping>http://tempuri.org/IGMPWebServices/ExcluirDoacaoResponse</outputActionMapping>
        </operation>
        <operation name="CadastrarCliente" mep="http://www.w3.org/ns/wsdl/in-out" namespace="http://tempuri.org/">
            <actionMapping>http://tempuri.org/IGMPWebServices/CadastrarCliente</actionMapping>
            <outputActionMapping>http://tempuri.org/IGMPWebServices/CadastrarClienteResponse</outputActionMapping>
        </operation>
        <operation name="CadastrarCobrancaFintech" mep="http://www.w3.org/ns/wsdl/in-out" namespace="http://tempuri.org/">
            <actionMapping>http://tempuri.org/IGMPWebServices/CadastrarCobrancaFintech</actionMapping>
            <outputActionMapping>http://tempuri.org/IGMPWebServices/CadastrarCobrancaFintechResponse</outputActionMapping>
        </operation>
        <operation name="CadastrarCobranca" mep="http://www.w3.org/ns/wsdl/in-out" namespace="http://tempuri.org/">
            <actionMapping>http://tempuri.org/IGMPWebServices/CadastrarCobranca</actionMapping>
            <outputActionMapping>http://tempuri.org/IGMPWebServices/CadastrarCobrancaResponse</outputActionMapping>
        </operation>
        <operation name="EnviarNotificacaoSMS" mep="http://www.w3.org/ns/wsdl/in-out" namespace="http://tempuri.org/">
            <actionMapping>http://tempuri.org/IGMPWebServices/EnviarNotificacaoSMS</actionMapping>
            <outputActionMapping>http://tempuri.org/IGMPWebServices/EnviarNotificacaoSMSResponse</outputActionMapping>
        </operation>
        <operation name="ValidarConsulta" mep="http://www.w3.org/ns/wsdl/in-out" namespace="http://tempuri.org/">
            <actionMapping>http://tempuri.org/IGMPWebServices/ValidarConsulta</actionMapping>
            <outputActionMapping>http://tempuri.org/IGMPWebServices/ValidarConsultaResponse</outputActionMapping>
        </operation>
        <operation name="ConsultarDadosFatura" mep="http://www.w3.org/ns/wsdl/in-out" namespace="http://tempuri.org/">
            <actionMapping>http://tempuri.org/IGMPWebServices/ConsultarDadosFatura</actionMapping>
            <outputActionMapping>http://tempuri.org/IGMPWebServices/ConsultarDadosFaturaResponse</outputActionMapping>
        </operation>
        <operation name="ExcluirCobranca" mep="http://www.w3.org/ns/wsdl/in-out" namespace="http://tempuri.org/">
            <actionMapping>http://tempuri.org/IGMPWebServices/ExcluirCobranca</actionMapping>
            <outputActionMapping>http://tempuri.org/IGMPWebServices/ExcluirCobrancaResponse</outputActionMapping>
        </operation>
    </service>
</serviceGroup>
